<?xml version="1.0" encoding="UTF-8" ?>
<!DOCTYPE configuration
        PUBLIC "-//mybatis.org//DTD Config 3.0//EN"
        "http://mybatis.org/dtd/mybatis-3-config.dtd">
<configuration>

    <!--
    MyBatis核心配置文件中，标签的顺序：
    properties?,settings?,typeAliases?,typeHandlers?,
    objectFactory?,objectWrapperFactory?,reflectorFactory?,
    plugins?,environments?,databaseIdProvider?,mappers?
    -->

    <properties resource="jdbc.properties" />
    
    <settings>
        <!--将下划线映射为驼峰-->
        <setting name="mapUnderscoreToCamelCase" value="true"/>
    </settings>

    <typeAliases>
        <package name="" />
    </typeAliases>

    <environments default="development">
        <environment id="development">
            <transactionManager type="JDBC"/>
            <dataSource type="POOLED">
                <property name="driver" value="${jdbc.driver}"/>
                <property name="url" value="${jdbc.url}"/>
                <property name="username" value="${jdbc.username}"/>
                <property name="password" value="${jdbc.password}"/>
            </dataSource>
        </environment>
    </environments>
    
    <!--引入mybatis的映射文件-->
    <mappers>
        <package name=""/>
    </mappers>
</configuration>