<application>
  <component name="CosySettings">
    <option name="manualOpenLocalModel" value="true" />
    <option name="parameter">
      <ChangeUserSettingParams>
        <option name="allowReportUsage" value="true" />
        <option name="cloud">
          <CloudModelParam>
            <option name="autoTrigger">
              <CloudModelAutoTrigger>
                <option name="enable" value="false" />
                <option name="generateLength" value="level_1" />
                <option name="modelLevel" value="large" />
              </CloudModelAutoTrigger>
            </option>
            <option name="enable" value="true" />
            <option name="manualTrigger">
              <CloudModelManualTrigger>
                <option name="generateLength" value="level_2" />
                <option name="modelLevel" value="large" />
              </CloudModelManualTrigger>
            </option>
          </CloudModelParam>
        </option>
        <option name="local">
          <LocalModelParam>
            <option name="enable" value="false" />
            <option name="inferenceMode" value="auto" />
            <option name="maxCandidateNum" value="3" />
          </LocalModelParam>
        </option>
      </ChangeUserSettingParams>
    </option>
    <option name="recentQueries">
      <map>
        <entry key="HzxGPS|1016115262604066">
          <value>
            <list>
              <option value="/explain code" />
              <option value="byte[] bytes = sendMessage0x0100();&#10;&#10;        Socket client = new Socket(&quot;127.0.0.1&quot;, SocketPort.nServerPort);&#10;        InputStream inputStream = client.getInputStream();&#10;        OutputStream outputStream = client.getOutputStream();&#10;        &#10;        System.out.println(&quot;发送报文: &quot;+ HzxHex.ToHexString(bytes));&#10;        outputStream.write(bytes);&#10;        outputStream.flush();&#10;&#10;我想模拟粘包的问题, 请你拷贝一份bytes拼接一份?" />
              <option value="combinedBytes中文是啥" />
              <option value="/explain code" />
              <option value="/generate comment" />
            </list>
          </value>
        </entry>
        <entry key="daijia-project|">
          <value>
            <list>
              <option value="针对以下终端信息，请解释原因并提供修复意见。" />
            </list>
          </value>
        </entry>
        <entry key="daijia-project||">
          <value>
            <list>
              <option value="针对以下终端信息，请解释原因并提供修复意见。" />
            </list>
          </value>
        </entry>
        <entry key="面试题|">
          <value>
            <list>
              <option value="针对以下终端信息，请解释原因并提供修复意见。" />
            </list>
          </value>
        </entry>
        <entry key="面试题|1016115262604066">
          <value>
            <list>
              <option value="/explain code" />
              <option value="@灵码 开盲盒" />
              <option value="@灵码 开盲盒" />
              <option value="/explain code" />
              <option value="/generate optimization" />
              <option value="/generate optimization" />
              <option value="推广码" />
            </list>
          </value>
        </entry>
        <entry key="面试题||">
          <value>
            <list>
              <option value="针对以下终端信息，请解释原因并提供修复意见。" />
            </list>
          </value>
        </entry>
      </map>
    </option>
    <option name="showInlineAcceptTips" value="false" />
    <option name="showInlineCancelTips" value="false" />
    <option name="showInlineNextTips" value="false" />
    <option name="showInlinePrevTips" value="false" />
    <option name="showInlineTriggerTips" value="false" />
  </component>
</application>