<application>
  <component name="LocalDatabaseDriverManager" version="201">
    <driver id="elasticsearch">
      <artifact />
      <library>
        <url>file://D:/Maven/maven-repo/org/elasticsearch/plugin/x-pack-sql-jdbc/8.13.3/x-pack-sql-jdbc-8.13.3.jar</url>
      </library>
    </driver>
    <driver id="hive">
      <artifact id="Hive" name="Hive" use="true" version="3.1.2" />
    </driver>
    <driver id="mongo">
      <artifact id="MongoDB" name="MongoDB" use="true" version="1.18" />
    </driver>
    <driver id="sqlserver.ms">
      <artifact id="SQL Server" name="SQL Server" use="true" version="12.2.0" />
    </driver>
    <driver id="mysql.8">
      <artifact />
      <artifact id="MySQL ConnectorJ" name="MySQL ConnectorJ" use="true" version="8.2.0" />
    </driver>
    <driver id="oracle.19">
      <artifact id="Oracle" name="Oracle" use="true" version="21.5.0.0" />
    </driver>
    <driver id="redis">
      <artifact id="Redis" name="Redis" use="true" version="1.5" />
    </driver>
    <driver id="1156dc5b-c93c-4f23-a26d-06fee0bddee6" name="Elasticsearch7 - 192.168.1.100" dialect="GenericSQL" driver-class="org.elasticsearch.xpack.sql.jdbc.EsDriver" icon="AllIcons.Providers.Elasticsearch">
      <url-template name="default" template="jdbc:es://[http://|https://][{host::localhost}[:{port::9200}]]/{prefix:param/[^?]*}[?&lt;&amp;,user={user},password={password},{:identifier/[^&amp;=]+}={:identifier/[^&amp;]*}&gt;]" />
      <url-template name="default" template="jdbc:elasticsearch://[http://|https://][{host::localhost}[:{port::9200}]]/{prefix:param/[^?]*}[?&lt;&amp;,user={user},password={password},{:identifier/[^&amp;=]+}={:identifier/[^&amp;]*}&gt;]" />
      <library>
        <url>file://D:/Maven/maven-repo/org/elasticsearch/plugin/x-pack-sql-jdbc/7.8.1/x-pack-sql-jdbc-7.8.1.jar</url>
      </library>
    </driver>
    <driver id="110fc582-26da-4ede-a25c-ca97e804ec59" name="Elasticsearch8" dialect="GenericSQL" driver-class="org.elasticsearch.xpack.sql.jdbc.EsDriver" icon="AllIcons.Providers.Elasticsearch">
      <url-template name="default" template="jdbc:es://[http://|https://][{host::localhost}[:{port::9200}]]/{prefix:param/[^?]*}[?&lt;&amp;,user={user},password={password},{:identifier/[^&amp;=]+}={:identifier/[^&amp;]*}&gt;]" />
      <url-template name="default" template="jdbc:elasticsearch://[http://|https://][{host::localhost}[:{port::9200}]]/{prefix:param/[^?]*}[?&lt;&amp;,user={user},password={password},{:identifier/[^&amp;=]+}={:identifier/[^&amp;]*}&gt;]" />
      <library>
        <url>file://D:/Maven/maven-repo/org/elasticsearch/plugin/x-pack-sql-jdbc/8.13.3/x-pack-sql-jdbc-8.13.3.jar</url>
      </library>
    </driver>
  </component>
</application>