<application>
  <component name="FileTypeManager" version="19">
    <extensionMap>
      <mapping pattern="readme.md" type="AUTO_DETECTED" />
      <mapping pattern="score" type="AUTO_DETECTED" />
      <mapping pattern="代办" type="AUTO_DETECTED" />
      <mapping pattern="TeachplanSql" type="AUTO_DETECTED" />
      <mapping pattern="1" type="AUTO_DETECTED" />
      <mapping pattern="readme" type="AUTO_DETECTED" />
      <mapping pattern="application" type="AUTO_DETECTED" />
      <mapping ext="addservlet" type="CLASS" />
      <mapping ext="p12" type="PLAIN_TEXT" />
      <mapping ext="in" type="PLAIN_TEXT" />
      <mapping ext="factories" type="PLAIN_TEXT" />
      <mapping ext="crt" type="PLAIN_TEXT" />
      <removed_mapping ext="apk" approved="true" type="ARCHIVE" />
      <removed_mapping ext="psd" approved="true" type="Image" />
    </extensionMap>
  </component>
</application>