<application>
  <component name="ProjectManager">
    <defaultProject>
      <component name="AutoImportSettings">
        <option name="autoReloadType" value="ALL" />
      </component>
      <component name="Encoding" defaultCharsetForPropertiesFiles="UTF-8">
        <file url="PROJECT" charset="UTF-8" />
      </component>
      <component name="InspectionProjectProfileManager">
        <profile version="1.0">
          <option name="myName" value="Project Default" />
        </profile>
        <version value="1.0" />
      </component>
      <component name="MavenImportPreferences">
        <option name="generalSettings">
          <MavenGeneralSettings>
            <option name="customMavenHome" value="D:/Maven/apache-maven-3.5.4" />
            <option name="localRepository" value="D:\Maven\maven-repo" />
            <option name="mavenHomeTypeForPersistence" value="CUSTOM" />
            <option name="userSettingsFile" value="D:\Maven\apache-maven-3.5.4\conf\settings.xml" />
          </MavenGeneralSettings>
        </option>
      </component>
      <component name="ProjectViewState">
        <option name="showLibraryContents" value="true" />
      </component>
      <component name="PropertiesComponent">{
  &quot;keyToString&quot;: {
    &quot;settings.editor.selected.configurable&quot;: &quot;File.Encoding&quot;
  }
}</component>
      <component name="WindowStateProjectService">
        <state x="453" y="137" key="SettingsEditor" timestamp="1703572770693">
          <screen x="0" y="0" width="1920" height="1040" />
        </state>
        <state x="453" y="137" key="SettingsEditor/0.0.1920.1040" timestamp="1703572770693" />
      </component>
      <component name="masterDetails">
        <states>
          <state key="ProjectJDKs.UI">
            <settings>
              <last-edited>1.8</last-edited>
              <splitter-proportions>
                <option name="proportions">
                  <list>
                    <option value="0.2" />
                  </list>
                </option>
              </splitter-proportions>
            </settings>
          </state>
        </states>
      </component>
    </defaultProject>
  </component>
</application>