<application>
  <component name="Trusted.Paths">
    <option name="TRUSTED_PROJECT_PATHS">
      <map>
        <entry key="C:\Users\肉豆蔻吖\Desktop\FinalProject" value="true" />
        <entry key="C:\Users\肉豆蔻吖\Desktop\JavaWeb实验9" value="true" />
        <entry key="C:\Users\肉豆蔻吖\Desktop\Mybatis" value="true" />
        <entry key="C:\Users\肉豆蔻吖\Desktop\Mybatis_1" value="true" />
        <entry key="C:\Users\肉豆蔻吖\Desktop\demo03" value="true" />
        <entry key="C:\Users\肉豆蔻吖\Desktop\images-boot" value="true" />
        <entry key="C:\Users\肉豆蔻吖\Desktop\lanqiao" value="true" />
        <entry key="C:\Users\肉豆蔻吖\Desktop\library-system-master" value="true" />
        <entry key="C:\Users\肉豆蔻吖\Desktop\light\lightbook" value="true" />
        <entry key="C:\Users\肉豆蔻吖\Desktop\lightbook" value="true" />
        <entry key="C:\Users\肉豆蔻吖\Desktop\lightbook1" value="true" />
        <entry key="C:\Users\肉豆蔻吖\Desktop\lightbook2" value="true" />
        <entry key="C:\Users\肉豆蔻吖\Desktop\lightbook3" value="true" />
        <entry key="C:\Users\肉豆蔻吖\Desktop\lightbook4" value="true" />
        <entry key="C:\Users\肉豆蔻吖\Desktop\lightbook5" value="true" />
        <entry key="C:\Users\肉豆蔻吖\Desktop\mybatis_02" value="true" />
        <entry key="C:\Users\肉豆蔻吖\Desktop\springaop-01" value="true" />
        <entry key="C:\Users\肉豆蔻吖\Desktop\src" value="true" />
        <entry key="C:\Users\肉豆蔻吖\Desktop\zjjpro02_idea(1)" value="true" />
        <entry key="C:\Users\肉豆蔻吖\Desktop\川禾图书馆" value="true" />
        <entry key="C:\Users\肉豆蔻吖\IdeaProjects\test" value="true" />
        <entry key="D:\workspace\HzxGPS" value="true" />
        <entry key="D:\xiamu\workspace\daijia\daijia-project" value="true" />
        <entry key="E:\Code\Blog\VBlog\blogserver" value="true" />
        <entry key="E:\Code\Dubbo\dubbo-admin-develop" value="true" />
        <entry key="E:\Code\Dubbo\dubbo-demo" value="true" />
        <entry key="E:\Code\Dubbo\incubator-dubbo-ops-master" value="true" />
        <entry key="E:\Code\Elasticsearch\ES" value="true" />
        <entry key="E:\Code\Food\fine-food-after" value="true" />
        <entry key="E:\Code\Food\fine-food-after\food-after-auth" value="true" />
        <entry key="E:\Code\Food\fine-food-after\food-after-content" value="true" />
        <entry key="E:\Code\Hadoop\HDFSClient" value="true" />
        <entry key="E:\Code\Hadoop\MapReduceDemo" value="true" />
        <entry key="E:\Code\Hadoop\YarnDemo" value="true" />
        <entry key="E:\Code\Java17\java-top-speed" value="true" />
        <entry key="E:\Code\Java\Demo" value="true" />
        <entry key="E:\Code\Java\JavaCode\demo1" value="true" />
        <entry key="E:\Code\Java\JavaCode\jdbc" value="true" />
        <entry key="E:\Code\Java\JavaCode\jdbcStudy" value="true" />
        <entry key="E:\Code\Java\JavaCode\method" value="true" />
        <entry key="E:\Code\Java\JavaCode\反射" value="true" />
        <entry key="E:\Code\Java\JavaCode\网络编程" value="true" />
        <entry key="E:\Code\Java\SSM" value="true" />
        <entry key="E:\Code\Java\SeriealizeProject\src\com\zoo" value="true" />
        <entry key="E:\Code\Java\StudentManager" value="true" />
        <entry key="E:\Code\Java\snake-master" value="true" />
        <entry key="E:\Code\Java\洛谷" value="true" />
        <entry key="E:\Code\Java\算法" value="true" />
        <entry key="E:\Code\Java\资料\飞机大战" value="true" />
        <entry key="E:\Code\Javaweb" value="true" />
        <entry key="E:\Code\Javaweb\course" value="true" />
        <entry key="E:\Code\Javaweb\demo1" value="true" />
        <entry key="E:\Code\Javaweb\demo2" value="true" />
        <entry key="E:\Code\Javaweb\pro-web" value="true" />
        <entry key="E:\Code\Javaweb\pro-web\pro01-jdbc" value="true" />
        <entry key="E:\Code\Javaweb\web_project" value="true" />
        <entry key="E:\Code\Javaweb\work07" value="true" />
        <entry key="E:\Code\Kotlin" value="true" />
        <entry key="E:\Code\Kotlin\HelloWorld\HelloWorld" value="true" />
        <entry key="E:\Code\Maven\maven-workspace\pro-test" value="true" />
        <entry key="E:\Code\Maven\maven-workspace\pro07-maven-idea-parent" value="true" />
        <entry key="E:\Code\Maven\maven-workspace\pro10-maven-import" value="true" />
        <entry key="E:\Code\Maven\maven-workspace\pro11-maven-import-module" value="true" />
        <entry key="E:\Code\MyBatis-Plus\mybatis_plus_datasource" value="true" />
        <entry key="E:\Code\MyBatis-Plus\mybatisplus" value="true" />
        <entry key="E:\Code\MyBatis-Plus\mybatisx_demo" value="true" />
        <entry key="E:\Code\Mysql高级_JVM_JUC\jvm-demo" value="true" />
        <entry key="E:\Code\RabbitMQ\atguigu-rabbitmq" value="true" />
        <entry key="E:\Code\Redis\Seckill" value="true" />
        <entry key="E:\Code\Redis\jedis_redisdemo" value="true" />
        <entry key="E:\Code\Redis\redis_sprintboot" value="true" />
        <entry key="E:\Code\SSM" value="true" />
        <entry key="E:\Code\SSM - 副本" value="true" />
        <entry key="E:\Code\Spring-Source\Spring" value="true" />
        <entry key="E:\Code\SpringBoot\boot-01-helloworld" value="true" />
        <entry key="E:\Code\SpringBoot\boot-01-helloworld-2" value="true" />
        <entry key="E:\Code\SpringBoot\boot-05-adminserver" value="true" />
        <entry key="E:\Code\SpringBoot\boot-05-web-01" value="true" />
        <entry key="E:\Code\SpringBoot\boot-05-web-admin" value="true" />
        <entry key="E:\Code\SpringBoot\boot-09-customer-start" value="true" />
        <entry key="E:\Code\SpringBoot\boot-09-features-profiles" value="true" />
        <entry key="E:\Code\SpringBoot\boot-09-hello-test" value="true" />
        <entry key="E:\Code\SpringBoot\lightbook" value="true" />
        <entry key="E:\Code\SpringBoot\request" value="true" />
        <entry key="E:\Code\SpringCloud\cloud-demo" value="true" />
        <entry key="E:\Code\SpringCloud\cloud2020" value="true" />
        <entry key="E:\Code\SpringSecurity\acl_parent" value="true" />
        <entry key="E:\Code\SpringSecurity\spring-security-boot" value="true" />
        <entry key="E:\Code\SpringSecurity\尚硅谷\csrf-security" value="true" />
        <entry key="E:\Code\Zookeeper" value="true" />
        <entry key="E:\Code\Zookeeper\zookeeper" value="true" />
        <entry key="E:\Code\chatgpt" value="true" />
        <entry key="E:\Code\code-health-hub" value="true" />
        <entry key="E:\Code\coder-health-hub" value="true" />
        <entry key="E:\Code\coder-health-hub\S040源码" value="true" />
        <entry key="E:\Code\coder-health-hub\S040源码\back" value="true" />
        <entry key="E:\Code\coder-health-hub\coder-health-ai" value="true" />
        <entry key="E:\Code\coder-health-hub\coder-health-auth" value="true" />
        <entry key="E:\Code\coder-health-hub\coder-health-backend" value="true" />
        <entry key="E:\Code\coder-health-hub\coder-health-rear" value="true" />
        <entry key="E:\Code\coder-health-hub\coder-health-rear\coder-health-rear" value="true" />
        <entry key="E:\Code\coder-health-hub\demo" value="true" />
        <entry key="E:\Code\coder-health-hub\传智健康\health_parent-master" value="true" />
        <entry key="E:\Code\coder-health-hub\传智健康\health_parent-master\coder-health-backend" value="true" />
        <entry key="E:\Code\daijia\daijia-project" value="true" />
        <entry key="E:\Code\daijia\daijia-project\daijia-parent" value="true" />
        <entry key="E:\Code\daijia\daijia-project\daijia-test" value="true" />
        <entry key="E:\Code\demo" value="true" />
        <entry key="E:\Code\guigu-auth" value="true" />
        <entry key="E:\Code\gulimall" value="true" />
        <entry key="E:\Code\heima-leadnews\heima-leadnews" value="true" />
        <entry key="E:\Code\heima-leadnews\heima-leadnews\heima-leadnews-basic" value="true" />
        <entry key="E:\Code\heima-leadnews\heima-leadnews\heima-leadnews-gateway\heima-leadnews-wemedia-gateway" value="true" />
        <entry key="E:\Code\heima-leadnews\heima-leadnews\heima-leadnews-service\heima-leadnews-article" value="true" />
        <entry key="E:\Code\heima-leadnews\heima-leadnews\heima-leadnews-service\heima-leadnews-schedule" value="true" />
        <entry key="E:\Code\heima-leadnews\heima-leadnews\heima-leadnews-service\heima-leadnews-user" value="true" />
        <entry key="E:\Code\heima-leadnews\heima-leadnews\heima-leadnews-service\heima-leadnews-wemedia" value="true" />
        <entry key="E:\Code\oss-sdk\aliyun-oss-java-sdk-demo-mvn" value="true" />
        <entry key="E:\Code\ruoyi-vue-pro" value="true" />
        <entry key="E:\Code\sky-take-out" value="true" />
        <entry key="E:\Code\sky-take-out\sky-take-out" value="true" />
        <entry key="E:\Code\testboot" value="true" />
        <entry key="E:\Code\testboot2" value="true" />
        <entry key="E:\Code\云原生\RuoYi-Cloud-master" value="true" />
        <entry key="E:\Code\云原生\yygh\yygh-parent-master" value="true" />
        <entry key="E:\Code\仿B站\imooc-bilibili" value="true" />
        <entry key="E:\Code\学成在线\xuecheng-plus-project" value="true" />
        <entry key="E:\Code\学成在线\xuecheng-plus-project\xuecheng-plus-auth" value="true" />
        <entry key="E:\Code\学成在线\xuecheng-plus-project\xuecheng-plus-base" value="true" />
        <entry key="E:\Code\学成在线\xuecheng-plus-project\xuecheng-plus-checkcode" value="true" />
        <entry key="E:\Code\学成在线\xuecheng-plus-project\xuecheng-plus-content" value="true" />
        <entry key="E:\Code\学成在线\xuecheng-plus-project\xuecheng-plus-gateway" value="true" />
        <entry key="E:\Code\学成在线\xuecheng-plus-project\xuecheng-plus-generator" value="true" />
        <entry key="E:\Code\学成在线\xuecheng-plus-project\xuecheng-plus-learning" value="true" />
        <entry key="E:\Code\学成在线\xuecheng-plus-project\xuecheng-plus-media" value="true" />
        <entry key="E:\Code\学成在线\xuecheng-plus-project\xuecheng-plus-message-sdk" value="true" />
        <entry key="E:\Code\学成在线\xuecheng-plus-project\xuecheng-plus-orders" value="true" />
        <entry key="E:\Code\学成在线\xuecheng-plus-project\xuecheng-plus-parent" value="true" />
        <entry key="E:\Code\学成在线\xuecheng-plus-project\xuecheng-plus-search" value="true" />
        <entry key="E:\Code\学成在线\xuecheng-plus-project\xuecheng-plus-system" value="true" />
        <entry key="E:\Code\学成在线\xuecheng-plus-project\xxl-job-2.3.1" value="true" />
        <entry key="E:\Code\手写Spring\Spring" value="true" />
        <entry key="E:\Code\权限项目\guigu-auth-parent" value="true" />
        <entry key="E:\Code\权限项目\untitled" value="true" />
        <entry key="E:\Code\硅谷课堂\ggkt_mp_demo" value="true" />
        <entry key="E:\Code\硅谷课堂\ggkt_parent" value="true" />
        <entry key="E:\Code\网页设计大赛\lightbook5\lightbook" value="true" />
        <entry key="E:\Code\网页设计大赛\lightbook6\lightbook" value="true" />
        <entry key="E:\Code\网页设计大赛\lightbook7\lightbook" value="true" />
        <entry key="E:\Code\网页设计大赛\lightbook8\lightbook" value="true" />
        <entry key="E:\Code\网页设计大赛\lightbook9" value="true" />
        <entry key="E:\Code\网页设计大赛\lightbook9\lightbook" value="true" />
        <entry key="E:\Code\若依\RuoYi-Vue-master\RuoYi-Vue-master" value="true" />
        <entry key="E:\Code\设计模式" value="true" />
        <entry key="E:\Code\面试题" value="true" />
        <entry key="E:\Code\面试题\excel-demo" value="true" />
        <entry key="E:\Code\面试题\java-tools" value="true" />
        <entry key="E:\Code\面试题\leetcode" value="true" />
        <entry key="E:\Code\面试题\leetcode\LeetCode 75" value="true" />
        <entry key="E:\Code\面试题\leetcode\LeetCode 热题 100" value="true" />
        <entry key="E:\Code\面试题\leetcode\primers-list" value="true" />
        <entry key="E:\Code\面试题\leetcode\「新」动计划 · 编程入门" value="true" />
        <entry key="E:\Code\面试题\leetcode\剑指Offer" value="true" />
        <entry key="E:\Code\面试题\leetcode\编程基础 0 到 1" value="true" />
        <entry key="E:\Code\面试题\leetcode\面试经典 150 题" value="true" />
        <entry key="E:\Code\面试题\leetcode\高频 SQL 50 题（基础版）" value="true" />
        <entry key="E:\Code\面试题\rabbimt-demo" value="true" />
        <entry key="E:\Code\面试题\sgg-juc" value="true" />
        <entry key="E:\Code\面试题\spring-demo" value="true" />
        <entry key="E:\Code\面试题\spring-demo\spring-prometheus" value="true" />
        <entry key="E:\Code\面试题\代理模式" value="true" />
        <entry key="E:\Code\面试题\大厂面试题第2季" value="true" />
        <entry key="E:\Code\面试题\大厂面试题第3季" value="true" />
        <entry key="E:\Code\面试题\尚硅谷JUC并发编程" value="true" />
        <entry key="E:\Code\面试题\尚硅谷_50道Java面试题" value="true" />
        <entry key="E:\Code\面试题\尚硅谷_高频面试题" value="true" />
        <entry key="E:\Code\面试题\牛客_面试笔刷TOP101" value="true" />
        <entry key="E:\Code\面试题\第一季" value="true" />
        <entry key="E:\Code\面试题\面试题第1季" value="true" />
        <entry key="E:\JT808" value="true" />
        <entry key="E:\Java期末_黄磊\OnlineBooks-master" value="true" />
        <entry key="E:\Java期末_黄磊\PersonManage-master" value="true" />
        <entry key="E:\SSM\StudentManager-master" value="true" />
        <entry key="E:\SSM\untitled" value="true" />
        <entry key="E:\Snipaste-desktop\MapReduce\MapReduce-Case-Statistics-main\Java job analysis statistics" value="true" />
        <entry key="E:\Snipaste-desktop\Spark\SparkOrder" value="true" />
        <entry key="E:\Snipaste-desktop\Spark\电商项目实战" value="true" />
        <entry key="E:\alipay-demo" value="true" />
        <entry key="E:\demo-test" value="true" />
        <entry key="E:\demo1" value="true" />
        <entry key="E:\demo2" value="true" />
        <entry key="E:\maven-demo" value="true" />
        <entry key="E:\maven-demo\demo-99" value="true" />
        <entry key="E:\maven-demo\demo1" value="true" />
        <entry key="E:\maven-demo\demo10" value="true" />
        <entry key="E:\maven-demo\demo11" value="true" />
        <entry key="E:\maven-demo\demo12" value="true" />
        <entry key="E:\maven-demo\demo2" value="true" />
        <entry key="E:\maven-demo\demo3" value="true" />
        <entry key="E:\maven-demo\demo4" value="true" />
        <entry key="E:\maven-demo\demo5" value="true" />
        <entry key="E:\maven-demo\demo6" value="true" />
        <entry key="E:\maven-demo\demo7" value="true" />
        <entry key="E:\maven-demo\demo8" value="true" />
        <entry key="E:\maven-demo\demo9" value="true" />
        <entry key="E:\word-demo\code-dome" value="true" />
        <entry key="E:\yuque-export" value="true" />
        <entry key="E:\大三上\javaweb" value="true" />
        <entry key="E:\大三上\javaweb\untitled" value="true" />
        <entry key="E:\大三上\javaweb\work02" value="true" />
        <entry key="E:\大三上\javaweb\work03" value="true" />
        <entry key="E:\大三上\javaweb\work06" value="true" />
        <entry key="E:\大三上\javaweb\期末项目\FinalProject" value="true" />
        <entry key="E:\大三上\javaweb\第六次作业" value="true" />
        <entry key="E:\大三上\oracle\demo" value="true" />
        <entry key="E:\大三上\oracle\work02" value="true" />
        <entry key="E:\大三上\操作系统\homework" value="true" />
        <entry key="E:\大三下\HBase\实验4" value="true" />
        <entry key="E:\大三下\HBase\期末" value="true" />
        <entry key="E:\大三下\Hadoop" value="true" />
        <entry key="E:\大三下\Hadoop\实验4" value="true" />
        <entry key="E:\大三下\Hadoop\实验5" value="true" />
        <entry key="E:\大三下\Hadoop\实验6" value="true" />
        <entry key="E:\大三下\Hadoop\实验7" value="true" />
        <entry key="E:\大三下\SSM框架\代码\SSM" value="true" />
        <entry key="E:\大三下\SSM框架\实验2" value="true" />
        <entry key="E:\大三下\SSM框架\实验3" value="true" />
        <entry key="E:\大三下\SSM框架\实验5" value="true" />
        <entry key="E:\大三下\SSM框架\实验6" value="true" />
        <entry key="E:\大三下\SSM框架\实验7" value="true" />
        <entry key="E:\大三下\SSM框架\实验8" value="true" />
        <entry key="E:\大三下\Spark\代码\Spark" value="true" />
        <entry key="E:\大三下\Spark\实验4" value="true" />
        <entry key="E:\大三下\Spark\实验4\phone_test(1)" value="true" />
        <entry key="E:\大三下\Spark\实验5" value="true" />
        <entry key="E:\大三下\Spark\实验6" value="true" />
        <entry key="E:\大三下\Spark\实验7" value="true" />
        <entry key="E:\大三下\大数据实训\BigData_beauty_analysis" value="true" />
        <entry key="E:\大三下\大数据实训\report-master" value="true" />
        <entry key="E:\植物大战僵尸\plant_vs_zombie_simple-master\plant_vs_zombie_simple" value="true" />
        <entry key="E:\素材\08.讯飞大模型DEMO" value="true" />
        <entry key="E:\素材\aliyun-oss-java-sdk-master" value="true" />
        <entry key="E:\素材\get-jobs-boss-main" value="true" />
        <entry key="E:\素材\spring-security-jwt-master" value="true" />
      </map>
    </option>
  </component>
</application>