<application>
  <component name="DimensionService">
    <location key="GridCell.Tab.1.left.0.0.2160.1440@144dpi" x="0" y="150" />
    <location key="GridCell.Tab.1.center.0.0.2160.1440@144dpi" x="0" y="150" />
    <location key="GridCell.Tab.1.right.0.0.2160.1440@144dpi" x="0" y="150" />
    <location key="GridCell.Tab.1.bottom.0.0.2160.1440@144dpi" x="0" y="150" />
    <location key="GridCell.Tab.2.left.0.0.2160.1440@144dpi" x="0" y="150" />
    <location key="GridCell.Tab.2.center.0.0.2160.1440@144dpi" x="0" y="150" />
    <location key="GridCell.Tab.2.right.0.0.2160.1440@144dpi" x="0" y="150" />
    <location key="GridCell.Tab.2.bottom.0.0.2160.1440@144dpi" x="0" y="150" />
    <location key="GridCell.Tab.3.left.0.0.2160.1440@144dpi" x="51" y="497" />
    <location key="GridCell.Tab.3.center.0.0.2160.1440@144dpi" x="51" y="497" />
    <location key="GridCell.Tab.3.right.0.0.2160.1440@144dpi" x="51" y="497" />
    <location key="GridCell.Tab.3.bottom.0.0.2160.1440@144dpi" x="51" y="497" />
    <location key="GridCell.Tab.4.left.0.0.2160.1440@144dpi" x="-91" y="221" />
    <location key="GridCell.Tab.4.center.0.0.2160.1440@144dpi" x="-91" y="221" />
    <location key="GridCell.Tab.4.right.0.0.2160.1440@144dpi" x="-91" y="221" />
    <location key="GridCell.Tab.4.bottom.0.0.2160.1440@144dpi" x="-91" y="221" />
    <location key="find.popup.0.0.2160.1440@144dpi" x="743" y="179" />
    <location key="find.popup.0.0.1920.1080" x="711" y="127" />
    <size key="GridCell.Tab.0.left.0.0.2160.1440@144dpi" width="1629" height="654" />
    <size key="GridCell.Tab.0.center.0.0.2160.1440@144dpi" width="1629" height="654" />
    <size key="GridCell.Tab.0.right.0.0.2160.1440@144dpi" width="1629" height="654" />
    <size key="GridCell.Tab.0.bottom.0.0.2160.1440@144dpi" width="1629" height="654" />
    <size key="GridCell.Tab.1.left.0.0.2160.1440@144dpi" width="1629" height="654" />
    <size key="GridCell.Tab.1.center.0.0.2160.1440@144dpi" width="1629" height="654" />
    <size key="GridCell.Tab.1.right.0.0.2160.1440@144dpi" width="1629" height="654" />
    <size key="GridCell.Tab.1.bottom.0.0.2160.1440@144dpi" width="1629" height="654" />
    <size key="GridCell.Tab.2.left.0.0.2160.1440@144dpi" width="1629" height="654" />
    <size key="GridCell.Tab.2.center.0.0.2160.1440@144dpi" width="1629" height="654" />
    <size key="GridCell.Tab.2.right.0.0.2160.1440@144dpi" width="1629" height="654" />
    <size key="GridCell.Tab.2.bottom.0.0.2160.1440@144dpi" width="1629" height="654" />
    <size key="GridCell.Tab.3.left.0.0.2160.1440@144dpi" width="1490" height="216" />
    <size key="GridCell.Tab.3.center.0.0.2160.1440@144dpi" width="1490" height="216" />
    <size key="GridCell.Tab.3.right.0.0.2160.1440@144dpi" width="1490" height="216" />
    <size key="GridCell.Tab.3.bottom.0.0.2160.1440@144dpi" width="1490" height="216" />
    <size key="GridCell.Tab.0.left.0.0.1920.1080" width="1838" height="324" />
    <size key="GridCell.Tab.0.center.0.0.1920.1080" width="1838" height="324" />
    <size key="GridCell.Tab.0.right.0.0.1920.1080" width="1838" height="324" />
    <size key="GridCell.Tab.0.bottom.0.0.1920.1080" width="1838" height="324" />
    <size key="GridCell.Tab.1.left.0.0.1920.1080" width="1448" height="324" />
    <size key="GridCell.Tab.1.center.0.0.1920.1080" width="1448" height="324" />
    <size key="GridCell.Tab.1.right.0.0.1920.1080" width="1448" height="324" />
    <size key="GridCell.Tab.1.bottom.0.0.1920.1080" width="1448" height="324" />
    <size key="GridCell.Tab.2.left.0.0.1920.1080" width="1448" height="324" />
    <size key="GridCell.Tab.2.center.0.0.1920.1080" width="1448" height="324" />
    <size key="GridCell.Tab.2.right.0.0.1920.1080" width="1448" height="324" />
    <size key="GridCell.Tab.2.bottom.0.0.1920.1080" width="1448" height="324" />
    <size key="GridCell.Tab.4.left.0.0.2160.1440@144dpi" width="1467" height="663" />
    <size key="GridCell.Tab.4.center.0.0.2160.1440@144dpi" width="1467" height="663" />
    <size key="GridCell.Tab.4.right.0.0.2160.1440@144dpi" width="1467" height="663" />
    <size key="GridCell.Tab.4.bottom.0.0.2160.1440@144dpi" width="1467" height="663" />
    <size key="find.popup.0.0.2160.1440@144dpi" width="818" height="1202" />
    <size key="GridCell.Tab.0.left.0.0.2160.1440@180dpi" width="2081" height="524" />
    <size key="GridCell.Tab.0.center.0.0.2160.1440@180dpi" width="2081" height="524" />
    <size key="GridCell.Tab.0.right.0.0.2160.1440@180dpi" width="2081" height="524" />
    <size key="GridCell.Tab.0.bottom.0.0.2160.1440@180dpi" width="2081" height="524" />
    <size key="GridCell.Tab.-1.left.0.0.2160.1440@144dpi" width="1463" height="617" />
    <size key="GridCell.Tab.-1.center.0.0.2160.1440@144dpi" width="1463" height="617" />
    <size key="GridCell.Tab.-1.right.0.0.2160.1440@144dpi" width="1463" height="617" />
    <size key="GridCell.Tab.-1.bottom.0.0.2160.1440@144dpi" width="1463" height="617" />
    <size key="find.popup.0.0.1920.1080" width="666" height="846" />
    <size key="GridCell.Tab.-1.left.0.0.1920.1080" width="1509" height="698" />
    <size key="GridCell.Tab.-1.center.0.0.1920.1080" width="1509" height="698" />
    <size key="GridCell.Tab.-1.right.0.0.1920.1080" width="1509" height="698" />
    <size key="GridCell.Tab.-1.bottom.0.0.1920.1080" width="1509" height="698" />
  </component>
  <component name="WindowManager">
    <frame x="-12" y="-12" width="2175" height="1395" extendedState="6" />
  </component>
  <component name="WindowStateApplicationService">
    <state width="598" height="112" key="ShowUsagesActions.dimensionServiceKey" timestamp="1725782876727">
      <screen x="0" y="0" width="1440" height="920" />
    </state>
    <state width="598" height="112" key="ShowUsagesActions.dimensionServiceKey/0.0.1440.920" timestamp="1725782876727" />
  </component>
</application>